District,GW_May,CASA_Pred_1yr,CASA_Pred_3yr,CASA_Pred_5yr,GW_Trend_m_per_yr,GW_Dep_Ratio,Canal_Dep_Ratio,SW_Monsoon_Actual_mm,SW_Monsoon_Normal_mm,NE_Monsoon_Actual_mm,NE_Monsoon_Normal_mm,Annual_Actual_mm,Annual_Normal_mm,Recommended_Crop,Potential_Water_Saving_pct,Current_Water_Req_Lkg,Recommended_Water_Req_Lkg,GW_Severity,Rice_weight,Groundnut_weight,Jowar_weight,Bajra_weight,Maize_weight,Tier,Tier_Label,Tier_Color,Feasibility_Score,Feasibility_Label,Flood_Risk,Flood_Actions,Drought_Fallback_Crop,Drought_Risk,Drought_Actions,Policy_Narrative,SHAP_Top_Driver,SHAP_Top_Value,SHAP_Top_Driver_Label
Ariyalur,3.54,4.051839,3.9921668,3.9807014,-0.22963636363633447,0.919897092616645,0.05062943350984114,254.5,314.8,284.2,501.9,756.9,925.8,Bajra,84.0,2500,400,Slow depletion,0.4511942922138351,0.2196084513838624,0.0008444490400854,0.0212146279254127,0.3071381794368042,3,Monitor (3-5 year horizon),#f1c40f,48.7,Medium,LOW,Proceed with standard Samba sowing calendar. Monitor NE monsoon progress weekly from October 1.,Bajra,LOW,Proceed with standard Kuruvai calendar. Monitor SW monsoon progress bi-weekly from May 1. Fallback option if deficit develops: Bajra.,Ariyalur is classified as Tier 3 (Monitor (3-5 year horizon)). The predicted groundwater depth is 4.05m in 2026 and 3.98m by 2028. The water table is currently recovering at 0.23 metres per year. The district is 92% groundwater-dependent for irrigation. Primary SHAP analysis indicates: cumulative seasonal depletion memory is moderating depletion; long-term structural decline trend is moderating depletion; seasonal groundwater volatility is driving depletion upward. Recommended transition to Bajra could reduce water consumption by 84% per kilogram of output.,LSTM_Memory,-0.0327654652816529,cumulative seasonal depletion memory
Chengalpattu,3.77,2.9243042,2.918535,2.8711734,-0.9449999999996402,0.47723980645360126,0.0034209634172650783,619.8,398.3,747.1,707.7,1600.5,1186.7,Bajra,84.0,2500,400,Slow depletion,0.8920807332596754,0.107608035978276,3.112307620485209e-05,0.0002022999953315,7.780769051213022e-05,3,Monitor (3-5 year horizon),#f1c40f,45.4,Medium,LOW,Proceed with standard Samba sowing calendar. Monitor NE monsoon progress weekly from October 1.,Groundnut,LOW,Proceed with standard Kuruvai calendar. Monitor SW monsoon progress bi-weekly from May 1. Fallback option if deficit develops: Groundnut.,Chengalpattu is classified as Tier 3 (Monitor (3-5 year horizon)). The predicted groundwater depth is 2.92m in 2026 and 2.87m by 2028. The water table is currently recovering at 0.94 metres per year. The district is 48% groundwater-dependent for irrigation. Primary SHAP analysis indicates: long-term structural decline trend is moderating depletion; cumulative seasonal depletion memory is moderating depletion; seasonal groundwater volatility is driving depletion upward. Recommended transition to Bajra could reduce water consumption by 84% per kilogram of output.,ARIMA_Fitted,-0.0358105035215865,long-term structural decline trend
Chennai,3.696315789473684,3.8763824,3.8653183,3.868024,-0.3004553049290253,0.7852112676056338,0.0,778.7,448.5,1088.9,809.6,1950.9,1346.2,Bajra,84.0,2500,400,Stable/recovering,0.9918032786885246,0.0081967213114754,0.0,0.0,0.0,3,Monitor (3-5 year horizon),#f1c40f,46.9,Medium,LOW,Proceed with standard Samba sowing calendar. Monitor NE monsoon progress weekly from October 1.,Rice,LOW,Proceed with standard Kuruvai calendar. Monitor SW monsoon progress bi-weekly from May 1. Fallback option if deficit develops: Rice.,Chennai is classified as Tier 3 (Monitor (3-5 year horizon)). The predicted groundwater depth is 3.88m in 2026 and 3.87m by 2028. The water table is currently recovering at 0.30 metres per year. The district is 79% groundwater-dependent for irrigation. Primary SHAP analysis indicates: long-term structural decline trend is moderating depletion; cumulative seasonal depletion memory is driving depletion upward; seasonal groundwater volatility is driving depletion upward. Recommended transition to Bajra could reduce water consumption by 84% per kilogram of output.,ARIMA_Fitted,-0.0335367633694267,long-term structural decline trend
Coimbatore,11.53,11.6570835,11.774946,11.772814,0.12872727272730658,0.8717845219775138,0.12777819823910794,588.1,689.1,500.8,337.6,1510.2,1205.8,Groundnut,0.0,700,1000,Stable/recovering,0.0371193598577461,0.1044676594798844,0.7379735179246182,0.0069539262693296,0.1134855364684215,1,Act Now (within 1 year),#c0392b,56.1,Medium,LOW,Proceed with standard Samba sowing calendar. Monitor NE monsoon progress weekly from October 1.,Jowar,MEDIUM,SW monsoon 15% below normal. Recommend switching to Jowar for Kuruvai as risk mitigation. Advise farmers to delay Kuruvai planting by 2 weeks pending June rainfall. Restrict pump hours to 8 hours per day if GW drops below 12.7m.,Coimbatore is classified as Tier 1 (Act Now (within 1 year)). The predicted groundwater depth is 11.66m in 2026 and 11.77m by 2028. The water table is currently broadly stable with minor year-on-year fluctuations. The district is 87% groundwater-dependent for irrigation. Primary SHAP analysis indicates: long-term structural decline trend is driving depletion upward; cumulative seasonal depletion memory is moderating depletion; seasonal groundwater volatility is driving depletion upward. Recommended transition to Groundnut could reduce water consumption by 0% per kilogram of output.,ARIMA_Fitted,0.2467257306929398,long-term structural decline trend
Cuddalore,4.55,5.176195,5.1978173,5.1633987,-0.14063636363635246,0.6714114806828521,0.3107936758100451,376.3,355.7,537.6,701.5,1247.8,1178.6,Bajra,84.0,2500,400,Stable/recovering,0.7707685645763013,0.0652147361875999,5.551607745603126e-06,0.025653979392432,0.1383571682359211,2,Plan Now (within 3 years),#e67e22,50.8,Medium,LOW,Proceed with standard Samba sowing calendar. Monitor NE monsoon progress weekly from October 1.,Bajra,LOW,Proceed with standard Kuruvai calendar. Monitor SW monsoon progress bi-weekly from May 1. Fallback option if deficit develops: Bajra.,Cuddalore is classified as Tier 2 (Plan Now (within 3 years)). The predicted groundwater depth is 5.18m in 2026 and 5.16m by 2028. The water table is currently recovering at 0.14 metres per year. The district is 67% groundwater-dependent for irrigation. Primary SHAP analysis indicates: cumulative seasonal depletion memory is driving depletion upward; long-term structural decline trend is moderating depletion; seasonal groundwater volatility is driving depletion upward. Recommended transition to Bajra could reduce water consumption by 84% per kilogram of output.,LSTM_Memory,0.0329990939390752,cumulative seasonal depletion memory
Dharmapuri,6.47,7.479228,7.5677304,7.416404,-0.15845454545453808,1.0,0.0,361.2,380.8,182.8,314.2,803.5,876.4,Bajra,42.9,700,400,Stable/recovering,0.3563607126448517,0.2016565419368012,0.3775333095104395,0.00151870947981,0.0629307264280974,2,Plan Now (within 3 years),#e67e22,42.2,Low,LOW,Proceed with standard Samba sowing calendar. Monitor NE monsoon progress weekly from October 1.,Jowar,MEDIUM,SW monsoon 5% below normal. Recommend switching to Jowar for Kuruvai as risk mitigation. Advise farmers to delay Kuruvai planting by 2 weeks pending June rainfall. Restrict pump hours to 8 hours per day if GW drops below 8.5m.,Dharmapuri is classified as Tier 2 (Plan Now (within 3 years)). The predicted groundwater depth is 7.48m in 2026 and 7.42m by 2028. The water table is currently recovering at 0.16 metres per year. The district is 100% groundwater-dependent for irrigation. Primary SHAP analysis indicates: cumulative seasonal depletion memory is moderating depletion; long-term structural decline trend is driving depletion upward; seasonal groundwater volatility is driving depletion upward. Recommended transition to Bajra could reduce water consumption by 43% per kilogram of output.,LSTM_Memory,-0.0661437995072879,cumulative seasonal depletion memory
Dindigul,6.32,7.409502,7.451051,7.368017,-0.13390909090905362,0.887579656126007,0.05212215943248768,372.7,301.5,416.3,460.0,1171.8,956.5,Bajra,42.9,700,400,Stable/recovering,0.1436098036721367,0.0536827375651952,0.4653670016537336,0.0023957935801212,0.3349446635288131,2,Plan Now (within 3 years),#e67e22,42.2,Low,LOW,Proceed with standard Samba sowing calendar. Monitor NE monsoon progress weekly from October 1.,Jowar,MEDIUM,SW monsoon -24% below normal. Recommend switching to Jowar for Kuruvai as risk mitigation. Advise farmers to delay Kuruvai planting by 2 weeks pending June rainfall. Restrict pump hours to 8 hours per day if GW drops below 8.4m.,Dindigul is classified as Tier 2 (Plan Now (within 3 years)). The predicted groundwater depth is 7.41m in 2026 and 7.37m by 2028. The water table is currently recovering at 0.13 metres per year. The district is 89% groundwater-dependent for irrigation. Primary SHAP analysis indicates: cumulative seasonal depletion memory is moderating depletion; long-term structural decline trend is driving depletion upward; seasonal groundwater volatility is driving depletion upward. Recommended transition to Bajra could reduce water consumption by 43% per kilogram of output.,LSTM_Memory,-0.0428550094166129,cumulative seasonal depletion memory
Erode,4.98,5.949663,5.947173,5.894523,-0.21381818181815093,0.5920192258700046,0.4079807741299954,217.4,267.6,396.1,307.1,849.5,732.5,Groundnut,60.0,2500,1000,Stable/recovering,0.4642910525843771,0.2951331798750411,1.4947236256016262e-05,0.0014797763893456,0.2390810439149801,2,Plan Now (within 3 years),#e67e22,66.1,Medium,LOW,Proceed with standard Samba sowing calendar. Monitor NE monsoon progress weekly from October 1.,Groundnut,LOW,Proceed with standard Kuruvai calendar. Monitor SW monsoon progress bi-weekly from May 1. Fallback option if deficit develops: Groundnut.,Erode is classified as Tier 2 (Plan Now (within 3 years)). The predicted groundwater depth is 5.95m in 2026 and 5.89m by 2028. The water table is currently recovering at 0.21 metres per year. The district is 59% groundwater-dependent for irrigation. Primary SHAP analysis indicates: cumulative seasonal depletion memory is moderating depletion; seasonal groundwater volatility is driving depletion upward; Bajra cultivation share is moderating depletion. Recommended transition to Groundnut could reduce water consumption by 60% per kilogram of output.,LSTM_Memory,-0.0327225739280401,cumulative seasonal depletion memory
Kallakurichi,5.97,6.63108,6.6143856,6.601152,-3.2500000000000644,0.8536794759336331,0.0027994998226983448,384.4,399.1,206.8,455.5,820.4,956.7,Bajra,84.0,2500,400,Stable/recovering,0.5843865012754854,0.0665297061515393,0.0001752575312055,0.1013377991548692,0.2475707358869004,2,Plan Now (within 3 years),#e67e22,58.7,Medium,LOW,Proceed with standard Samba sowing calendar. Monitor NE monsoon progress weekly from October 1.,Bajra,LOW,Proceed with standard Kuruvai calendar. Monitor SW monsoon progress bi-weekly from May 1. Fallback option if deficit develops: Bajra.,Kallakurichi is classified as Tier 2 (Plan Now (within 3 years)). The predicted groundwater depth is 6.63m in 2026 and 6.60m by 2028. The water table is currently recovering at 3.25 metres per year. The district is 85% groundwater-dependent for irrigation. Primary SHAP analysis indicates: cumulative seasonal depletion memory is moderating depletion; long-term structural decline trend is moderating depletion; seasonal groundwater volatility is driving depletion upward. Recommended transition to Bajra could reduce water consumption by 84% per kilogram of output.,LSTM_Memory,-0.0411699822681303,cumulative seasonal depletion memory
Kanchipuram,2.77,2.2367806,2.1783116,2.1424074,0.10862407862407553,0.36490402476780187,0.0007430340557275541,807.1,472.0,703.6,591.7,1716.7,1155.1,Bajra,84.0,2500,400,Slow depletion,0.967015375451398,0.0329473958527232,0.0,0.0,3.7228695878783365e-05,3,Monitor (3-5 year horizon),#f1c40f,52.9,Medium,LOW,Proceed with standard Samba sowing calendar. Monitor NE monsoon progress weekly from October 1.,Groundnut,LOW,Proceed with standard Kuruvai calendar. Monitor SW monsoon progress bi-weekly from May 1. Fallback option if deficit develops: Groundnut.,Kanchipuram is classified as Tier 3 (Monitor (3-5 year horizon)). The predicted groundwater depth is 2.24m in 2026 and 2.14m by 2028. The water table is currently broadly stable with minor year-on-year fluctuations. The district is 36% groundwater-dependent for irrigation. Primary SHAP analysis indicates: long-term structural decline trend is moderating depletion; cumulative seasonal depletion memory is moderating depletion; Bajra cultivation share is moderating depletion. Recommended transition to Bajra could reduce water consumption by 84% per kilogram of output.,ARIMA_Fitted,-0.0372321058619653,long-term structural decline trend
Kanniyakumari,4.86,5.0055676,5.032041,5.112835,-0.14563636363636018,0.2512003939754586,0.3257684573398449,330.4,494.7,1050.9,532.6,1635.9,1338.3,Bajra,84.0,2500,400,Slow depletion,0.99865891819401,0.0013410818059901,0.0,0.0,0.0,2,Plan Now (within 3 years),#e67e22,48.8,Medium,MEDIUM,Delay Samba sowing by 2 weeks as precaution; NE monsoon 97% above normal. Monitor taluk-level waterlogging reports from October 10. Preferred variety: medium-duration rice (ADT-36).,Rice,LOW,Proceed with standard Kuruvai calendar. Monitor SW monsoon progress bi-weekly from May 1. Fallback option if deficit develops: Rice.,Kanniyakumari is classified as Tier 2 (Plan Now (within 3 years)). The predicted groundwater depth is 5.01m in 2026 and 5.11m by 2028. The water table is currently recovering at 0.15 metres per year. The district is 25% groundwater-dependent for irrigation. Primary SHAP analysis indicates: cumulative seasonal depletion memory is driving depletion upward; long-term structural decline trend is driving depletion upward; seasonal groundwater volatility is driving depletion upward. Recommended transition to Bajra could reduce water consumption by 84% per kilogram of output.,LSTM_Memory,0.0766933003244944,cumulative seasonal depletion memory
Karur,4.31,5.0087514,4.957019,4.878057,-0.41409090909088453,0.8969140792163949,0.10308592078360515,227.3,201.6,181.4,313.2,549.6,636.2,Groundnut,0.0,700,1000,Stable/recovering,0.3600911868846098,0.0807828491051074,0.528423145947519,0.0064509870495222,0.0242518310132415,3,Monitor (3-5 year horizon),#f1c40f,33.5,Low,LOW,Proceed with standard Samba sowing calendar. Monitor NE monsoon progress weekly from October 1.,Jowar,LOW,Proceed with standard Kuruvai calendar. Monitor SW monsoon progress bi-weekly from May 1. Fallback option if deficit develops: Jowar.,Karur is classified as Tier 3 (Monitor (3-5 year horizon)). The predicted groundwater depth is 5.01m in 2026 and 4.88m by 2028. The water table is currently recovering at 0.41 metres per year. The district is 90% groundwater-dependent for irrigation. Primary SHAP analysis indicates: cumulative seasonal depletion memory is moderating depletion; long-term structural decline trend is moderating depletion; seasonal groundwater volatility is driving depletion upward. Recommended transition to Groundnut could reduce water consumption by 0% per kilogram of output.,LSTM_Memory,-0.0298268171766515,cumulative seasonal depletion memory
Krishnagiri,6.62,7.49793,7.7228007,7.501133,0.012545454545455997,0.8838969859912268,0.008009056176595444,368.5,356.2,139.0,278.7,734.4,795.6,Jowar,72.0,2500,700,Stable/recovering,0.6092778766014431,0.2682229728379269,0.0844842404013351,0.0141706473727339,0.0238442627865608,2,Plan Now (within 3 years),#e67e22,56.8,Medium,LOW,Proceed with standard Samba sowing calendar. Monitor NE monsoon progress weekly from October 1.,Jowar,MEDIUM,SW monsoon -3% below normal. Recommend switching to Jowar for Kuruvai as risk mitigation. Advise farmers to delay Kuruvai planting by 2 weeks pending June rainfall. Restrict pump hours to 8 hours per day if GW drops below 8.5m.,Krishnagiri is classified as Tier 2 (Plan Now (within 3 years)). The predicted groundwater depth is 7.50m in 2026 and 7.50m by 2028. The water table is currently broadly stable with minor year-on-year fluctuations. The district is 88% groundwater-dependent for irrigation. Primary SHAP analysis indicates: long-term structural decline trend is driving depletion upward; cumulative seasonal depletion memory is moderating depletion; non-linear depletion variability is moderating depletion. Recommended transition to Jowar could reduce water consumption by 72% per kilogram of output.,ARIMA_Fitted,0.0459284069015698,long-term structural decline trend
Madurai,5.79,5.258489,5.265009,5.23906,0.0069090909091160555,0.6561978789690657,0.14773263681278911,306.8,296.1,475.5,370.0,993.9,827.4,Bajra,84.0,2500,400,Stable/recovering,0.6418780249569235,0.0258458904485441,0.1021982725506766,0.003918039443792,0.2261597726000636,2,Plan Now (within 3 years),#e67e22,49.9,Medium,LOW,Proceed with standard Samba sowing calendar. Monitor NE monsoon progress weekly from October 1.,Jowar,LOW,Proceed with standard Kuruvai calendar. Monitor SW monsoon progress bi-weekly from May 1. Fallback option if deficit develops: Jowar.,Madurai is classified as Tier 2 (Plan Now (within 3 years)). The predicted groundwater depth is 5.26m in 2026 and 5.24m by 2028. The water table is currently broadly stable with minor year-on-year fluctuations. The district is 66% groundwater-dependent for irrigation. Primary SHAP analysis indicates: cumulative seasonal depletion memory is moderating depletion; seasonal groundwater volatility is driving depletion upward; Rice cultivation expansion is moderating depletion. Recommended transition to Bajra could reduce water consumption by 84% per kilogram of output.,LSTM_Memory,-0.0442473627626896,cumulative seasonal depletion memory
Mayiladuthurai,1.66,1.7499758,1.7412941,1.7328233,-2.6432542602993796e-16,0.0,1.0,196.5,304.7,752.5,888.1,1216.3,1332.2,Bajra,84.0,2500,400,Moderate depletion,0.9902589556261968,0.0094529027940438,0.0001022437863662,0.0,0.0001858977933931,4,"Stable (canal-fed, low GW pressure)",#27ae60,28.6,Low,MEDIUM,Delay Samba sowing by 2 weeks as precaution; NE monsoon -15% above normal. Monitor taluk-level waterlogging reports from October 10. Preferred variety: medium-duration rice (ADT-36).,Rice,LOW,Proceed with standard Kuruvai calendar. Monitor SW monsoon progress bi-weekly from May 1. Fallback option if deficit develops: Rice.,"Mayiladuthurai is classified as Tier 4 (Stable (canal-fed, low GW pressure)). The predicted groundwater depth is 1.75m in 2026 and 1.73m by 2028. The water table is currently broadly stable with minor year-on-year fluctuations. The district is 0% groundwater-dependent for irrigation. Primary SHAP analysis indicates: long-term structural decline trend is moderating depletion; cumulative seasonal depletion memory is moderating depletion; seasonal groundwater volatility is driving depletion upward. Recommended transition to Bajra could reduce water consumption by 84% per kilogram of output.",ARIMA_Fitted,-0.0352057902187533,long-term structural decline trend
Nagapattinam,3.13,2.8595245,2.8645,2.870481,0.040999999999995235,0.0,0.977247458703939,157.7,246.6,969.0,935.3,1480.3,1336.9,Bajra,84.0,2500,400,Stable/recovering,0.982636858966864,0.0173163716296798,0.0,4.676940345625891e-05,0.0,4,"Stable (canal-fed, low GW pressure)",#27ae60,33.7,Low,MEDIUM,Delay Samba sowing by 2 weeks as precaution; NE monsoon 4% above normal. Monitor taluk-level waterlogging reports from October 10. Preferred variety: medium-duration rice (ADT-36).,Rice,LOW,Proceed with standard Kuruvai calendar. Monitor SW monsoon progress bi-weekly from May 1. Fallback option if deficit develops: Rice.,"Nagapattinam is classified as Tier 4 (Stable (canal-fed, low GW pressure)). The predicted groundwater depth is 2.86m in 2026 and 2.87m by 2028. The water table is currently broadly stable with minor year-on-year fluctuations. The district is 0% groundwater-dependent for irrigation. Primary SHAP analysis indicates: long-term structural decline trend is moderating depletion; seasonal groundwater volatility is driving depletion upward; non-linear depletion variability is moderating depletion. Recommended transition to Bajra could reduce water consumption by 84% per kilogram of output.",ARIMA_Fitted,-0.0433956248964171,long-term structural decline trend
Namakkal,8.05,9.537304,9.572171,9.513928,-0.28781818181815044,0.9045847121339027,0.07308901673783795,298.8,331.8,230.5,270.4,731.8,758.5,Groundnut,0.0,700,1000,Stable/recovering,0.0865500953012347,0.2545951769288141,0.5757769122399934,0.0009695864755117,0.082108229054446,1,Act Now (within 1 year),#c0392b,53.6,Medium,LOW,Proceed with standard Samba sowing calendar. Monitor NE monsoon progress weekly from October 1.,Jowar,MEDIUM,SW monsoon 10% below normal. Recommend switching to Jowar for Kuruvai as risk mitigation. Advise farmers to delay Kuruvai planting by 2 weeks pending June rainfall. Restrict pump hours to 8 hours per day if GW drops below 10.5m.,Namakkal is classified as Tier 1 (Act Now (within 1 year)). The predicted groundwater depth is 9.54m in 2026 and 9.51m by 2028. The water table is currently recovering at 0.29 metres per year. The district is 90% groundwater-dependent for irrigation. Primary SHAP analysis indicates: long-term structural decline trend is driving depletion upward; cumulative seasonal depletion memory is moderating depletion; seasonal groundwater volatility is driving depletion upward. Recommended transition to Groundnut could reduce water consumption by 0% per kilogram of output.,ARIMA_Fitted,0.0896746163499524,long-term structural decline trend
Perambalur,5.01,6.0626125,6.029174,5.9830813,-0.0967272727272469,1.0,0.0,297.4,277.8,232.5,432.0,752.4,816.0,Bajra,66.7,1200,400,Slow depletion,0.0987826178312999,0.0309926852009928,0.000958672042234,0.0019042115907389,0.8673618133347342,2,Plan Now (within 3 years),#e67e22,46.0,Medium,LOW,Proceed with standard Samba sowing calendar. Monitor NE monsoon progress weekly from October 1.,Groundnut,LOW,Proceed with standard Kuruvai calendar. Monitor SW monsoon progress bi-weekly from May 1. Fallback option if deficit develops: Groundnut.,Perambalur is classified as Tier 2 (Plan Now (within 3 years)). The predicted groundwater depth is 6.06m in 2026 and 5.98m by 2028. The water table is currently broadly stable with minor year-on-year fluctuations. The district is 100% groundwater-dependent for irrigation. Primary SHAP analysis indicates: cumulative seasonal depletion memory is moderating depletion; long-term structural decline trend is moderating depletion; seasonal groundwater volatility is driving depletion upward. Recommended transition to Bajra could reduce water consumption by 67% per kilogram of output.,LSTM_Memory,-0.0347387031714149,cumulative seasonal depletion memory
Pudukkottai,4.24,5.0793962,5.0552726,5.0437775,-0.07145454545453672,0.5337154530566764,0.007723995880535531,298.6,294.8,308.9,385.6,795.3,787.7,Jowar,72.0,2500,700,Moderate depletion,0.8816435869916145,0.0997792378908056,0.0004624660785494,6.108042546879227e-05,0.0180536286135616,2,Plan Now (within 3 years),#e67e22,45.7,Medium,LOW,Proceed with standard Samba sowing calendar. Monitor NE monsoon progress weekly from October 1.,Groundnut,LOW,Proceed with standard Kuruvai calendar. Monitor SW monsoon progress bi-weekly from May 1. Fallback option if deficit develops: Groundnut.,Pudukkottai is classified as Tier 2 (Plan Now (within 3 years)). The predicted groundwater depth is 5.08m in 2026 and 5.04m by 2028. The water table is currently broadly stable with minor year-on-year fluctuations. The district is 53% groundwater-dependent for irrigation. Primary SHAP analysis indicates: long-term structural decline trend is moderating depletion; cumulative seasonal depletion memory is driving depletion upward; seasonal groundwater volatility is driving depletion upward. Recommended transition to Jowar could reduce water consumption by 72% per kilogram of output.,ARIMA_Fitted,-0.0217109548281113,long-term structural decline trend
Ramanathapuram,4.08,4.14694,4.1566715,4.149792,-0.008636363636356661,0.1793598401114375,0.0,93.0,132.1,667.6,531.4,975.7,817.8,Maize,52.0,2500,1200,Stable/recovering,0.9442253718776312,0.0157170923379174,0.0322130227336514,0.0046800449059781,0.0031644681448217,3,Monitor (3-5 year horizon),#f1c40f,39.6,Low,LOW,Proceed with standard Samba sowing calendar. Monitor NE monsoon progress weekly from October 1.,Jowar,LOW,Proceed with standard Kuruvai calendar. Monitor SW monsoon progress bi-weekly from May 1. Fallback option if deficit develops: Jowar.,Ramanathapuram is classified as Tier 3 (Monitor (3-5 year horizon)). The predicted groundwater depth is 4.15m in 2026 and 4.15m by 2028. The water table is currently broadly stable with minor year-on-year fluctuations. The district is 18% groundwater-dependent for irrigation. Primary SHAP analysis indicates: long-term structural decline trend is moderating depletion; cumulative seasonal depletion memory is moderating depletion; seasonal groundwater volatility is driving depletion upward. Recommended transition to Maize could reduce water consumption by 52% per kilogram of output.,ARIMA_Fitted,-0.0179350486836693,long-term structural decline trend
Ranipet,4.45,4.8510118,4.8141875,4.8474445,-1.7950000000001487,0.9482203129794415,0.0,582.8,441.7,351.3,406.0,1208.4,944.7,Bajra,84.0,2500,400,Stable/recovering,0.8117320723806687,0.1860711892173654,0.000614342095465,0.0015451634522302,3.723285427060839e-05,3,Monitor (3-5 year horizon),#f1c40f,48.5,Medium,LOW,Proceed with standard Samba sowing calendar. Monitor NE monsoon progress weekly from October 1.,Groundnut,LOW,Proceed with standard Kuruvai calendar. Monitor SW monsoon progress bi-weekly from May 1. Fallback option if deficit develops: Groundnut.,Ranipet is classified as Tier 3 (Monitor (3-5 year horizon)). The predicted groundwater depth is 4.85m in 2026 and 4.85m by 2028. The water table is currently recovering at 1.80 metres per year. The district is 95% groundwater-dependent for irrigation. Primary SHAP analysis indicates: long-term structural decline trend is moderating depletion; cumulative seasonal depletion memory is moderating depletion; seasonal groundwater volatility is driving depletion upward. Recommended transition to Bajra could reduce water consumption by 84% per kilogram of output.,ARIMA_Fitted,-0.0245494882634863,long-term structural decline trend
Salem,5.17,6.190467,6.162482,6.1034284,-0.4142727272726775,0.9932239297844436,0.006776070215556378,379.6,406.4,229.3,331.7,837.5,912.5,Groundnut,0.0,700,1000,Stable/recovering,0.160239247701824,0.1492528455177325,0.3679785283760435,0.0040621991268909,0.3184671792775089,2,Plan Now (within 3 years),#e67e22,40.5,Low,LOW,Proceed with standard Samba sowing calendar. Monitor NE monsoon progress weekly from October 1.,Jowar,LOW,Proceed with standard Kuruvai calendar. Monitor SW monsoon progress bi-weekly from May 1. Fallback option if deficit develops: Jowar.,Salem is classified as Tier 2 (Plan Now (within 3 years)). The predicted groundwater depth is 6.19m in 2026 and 6.10m by 2028. The water table is currently recovering at 0.41 metres per year. The district is 99% groundwater-dependent for irrigation. Primary SHAP analysis indicates: cumulative seasonal depletion memory is moderating depletion; long-term structural decline trend is moderating depletion; seasonal groundwater volatility is driving depletion upward. Recommended transition to Groundnut could reduce water consumption by 0% per kilogram of output.,LSTM_Memory,-0.0339717842139104,cumulative seasonal depletion memory
Sivaganga,4.34,4.541136,4.4122024,4.407169,-0.10509090909087732,0.28675754625121713,9.466623390674024e-05,335.3,316.7,440.2,422.7,987.0,895.9,Groundnut,60.0,2500,1000,Slow depletion,0.9755017464922148,0.0235154816174294,0.0004854656325854,3.5521875555029304e-05,0.0004617843822153,3,Monitor (3-5 year horizon),#f1c40f,43.5,Low,LOW,Proceed with standard Samba sowing calendar. Monitor NE monsoon progress weekly from October 1.,Groundnut,LOW,Proceed with standard Kuruvai calendar. Monitor SW monsoon progress bi-weekly from May 1. Fallback option if deficit develops: Groundnut.,Sivaganga is classified as Tier 3 (Monitor (3-5 year horizon)). The predicted groundwater depth is 4.54m in 2026 and 4.41m by 2028. The water table is currently recovering at 0.11 metres per year. The district is 29% groundwater-dependent for irrigation. Primary SHAP analysis indicates: cumulative seasonal depletion memory is moderating depletion; long-term structural decline trend is moderating depletion; seasonal groundwater volatility is driving depletion upward. Recommended transition to Groundnut could reduce water consumption by 60% per kilogram of output.,LSTM_Memory,-0.0282938763582815,cumulative seasonal depletion memory
Thanjavur,3.07,3.3386796,3.35496,3.3444405,-0.16081818181816415,0.3644808834415928,0.6355191165584072,322.4,302.8,345.5,579.4,915.8,1017.3,Bajra,84.0,2500,400,Slow depletion,0.9623927180370064,0.0332819118562016,4.26144838107576e-06,8.52289676215152e-06,0.0043125857616486,3,Monitor (3-5 year horizon),#f1c40f,31.1,Low,LOW,Proceed with standard Samba sowing calendar. Monitor NE monsoon progress weekly from October 1.,Groundnut,LOW,Proceed with standard Kuruvai calendar. Monitor SW monsoon progress bi-weekly from May 1. Fallback option if deficit develops: Groundnut.,Thanjavur is classified as Tier 3 (Monitor (3-5 year horizon)). The predicted groundwater depth is 3.34m in 2026 and 3.34m by 2028. The water table is currently recovering at 0.16 metres per year. The district is 36% groundwater-dependent for irrigation. Primary SHAP analysis indicates: long-term structural decline trend is moderating depletion; cumulative seasonal depletion memory is moderating depletion; seasonal groundwater volatility is driving depletion upward. Recommended transition to Bajra could reduce water consumption by 84% per kilogram of output.,ARIMA_Fitted,-0.0419649379699474,long-term structural decline trend
The nilgiris,2.49,2.4369214,2.4343178,2.4260361,-0.026090909090912273,0.9857308137292711,0.0,773.0,842.4,502.5,501.3,1608.7,1595.7,Bajra,84.0,2500,400,Stable/recovering,0.9479166666666666,0.0,0.0,0.0104166666666666,0.0416666666666666,3,Monitor (3-5 year horizon),#f1c40f,45.5,Medium,LOW,Proceed with standard Samba sowing calendar. Monitor NE monsoon progress weekly from October 1.,Maize,LOW,Proceed with standard Kuruvai calendar. Monitor SW monsoon progress bi-weekly from May 1. Fallback option if deficit develops: Maize.,The nilgiris is classified as Tier 3 (Monitor (3-5 year horizon)). The predicted groundwater depth is 2.44m in 2026 and 2.43m by 2028. The water table is currently broadly stable with minor year-on-year fluctuations. The district is 99% groundwater-dependent for irrigation. Primary SHAP analysis indicates: cumulative seasonal depletion memory is driving depletion upward; long-term structural decline trend is moderating depletion; seasonal groundwater volatility is driving depletion upward. Recommended transition to Bajra could reduce water consumption by 84% per kilogram of output.,LSTM_Memory,0.1140972194831942,cumulative seasonal depletion memory
Theni,8.2,9.07467,9.08945,9.013668,-0.37872727272721385,0.7688032898810753,0.17402073641256888,253.0,237.9,537.6,364.3,1094.5,802.7,Bajra,84.0,2500,400,Stable/recovering,0.4547133646976825,0.0597316605680432,0.2522042167625021,0.0376023697508276,0.1957483882209444,1,Act Now (within 1 year),#c0392b,57.6,Medium,LOW,Proceed with standard Samba sowing calendar. Monitor NE monsoon progress weekly from October 1.,Bajra,MEDIUM,SW monsoon -6% below normal. Recommend switching to Bajra for Kuruvai as risk mitigation. Advise farmers to delay Kuruvai planting by 2 weeks pending June rainfall. Restrict pump hours to 8 hours per day if GW drops below 10.1m.,Theni is classified as Tier 1 (Act Now (within 1 year)). The predicted groundwater depth is 9.07m in 2026 and 9.01m by 2028. The water table is currently recovering at 0.38 metres per year. The district is 77% groundwater-dependent for irrigation. Primary SHAP analysis indicates: cumulative seasonal depletion memory is moderating depletion; long-term structural decline trend is driving depletion upward; seasonal groundwater volatility is driving depletion upward. Recommended transition to Bajra could reduce water consumption by 84% per kilogram of output.,LSTM_Memory,-0.0686136657235317,cumulative seasonal depletion memory
Thenkasi,4.55,5.394734,5.378708,5.3568907,-2.1450000000000764,0.5560810608555093,0.07513395396174455,172.6,172.7,821.4,465.7,1280.3,872.5,Bajra,84.0,2500,400,Slow depletion,0.6410670108637195,0.0107203040407299,0.0508586999390484,0.0004661001756839,0.2968878849808182,2,Plan Now (within 3 years),#e67e22,49.2,Medium,LOW,Proceed with standard Samba sowing calendar. Monitor NE monsoon progress weekly from October 1.,Jowar,LOW,Proceed with standard Kuruvai calendar. Monitor SW monsoon progress bi-weekly from May 1. Fallback option if deficit develops: Jowar.,Thenkasi is classified as Tier 2 (Plan Now (within 3 years)). The predicted groundwater depth is 5.39m in 2026 and 5.36m by 2028. The water table is currently recovering at 2.15 metres per year. The district is 56% groundwater-dependent for irrigation. Primary SHAP analysis indicates: cumulative seasonal depletion memory is driving depletion upward; seasonal groundwater volatility is driving depletion upward; Groundnut cultivation share is driving depletion upward. Recommended transition to Bajra could reduce water consumption by 84% per kilogram of output.,LSTM_Memory,0.0381551956898918,cumulative seasonal depletion memory
Thiruvallur,3.8,4.004706,4.01555,4.008769,0.03009090909090991,0.8872451299269052,0.00016321010970050945,736.3,463.7,754.5,623.9,1665.2,1182.1,Jowar,72.0,2500,700,Stable/recovering,0.9413808438490188,0.0560157133062797,0.0,0.0024644690273685,0.0001389738173328,3,Monitor (3-5 year horizon),#f1c40f,46.5,Medium,LOW,Proceed with standard Samba sowing calendar. Monitor NE monsoon progress weekly from October 1.,Groundnut,LOW,Proceed with standard Kuruvai calendar. Monitor SW monsoon progress bi-weekly from May 1. Fallback option if deficit develops: Groundnut.,Thiruvallur is classified as Tier 3 (Monitor (3-5 year horizon)). The predicted groundwater depth is 4.00m in 2026 and 4.01m by 2028. The water table is currently broadly stable with minor year-on-year fluctuations. The district is 89% groundwater-dependent for irrigation. Primary SHAP analysis indicates: long-term structural decline trend is moderating depletion; cumulative seasonal depletion memory is moderating depletion; seasonal groundwater volatility is driving depletion upward. Recommended transition to Jowar could reduce water consumption by 72% per kilogram of output.,ARIMA_Fitted,-0.0377669163066578,long-term structural decline trend
Thiruvarur,3.58,2.9070072,2.9151537,2.939524,0.1502727272727169,0.0,1.0,229.1,297.2,597.9,725.4,1131.3,1172.2,Jowar,72.0,2500,700,Stable/recovering,0.9881929184695196,0.0117481820447183,0.0,0.0,5.8899485762182e-05,4,"Stable (canal-fed, low GW pressure)",#27ae60,39.5,Low,MEDIUM,Delay Samba sowing by 2 weeks as precaution; NE monsoon -18% above normal. Monitor taluk-level waterlogging reports from October 10. Preferred variety: medium-duration rice (ADT-36).,Rice,LOW,Proceed with standard Kuruvai calendar. Monitor SW monsoon progress bi-weekly from May 1. Fallback option if deficit develops: Rice.,"Thiruvarur is classified as Tier 4 (Stable (canal-fed, low GW pressure)). The predicted groundwater depth is 2.91m in 2026 and 2.94m by 2028. The water table is currently broadly stable with minor year-on-year fluctuations. The district is 0% groundwater-dependent for irrigation. Primary SHAP analysis indicates: cumulative seasonal depletion memory is driving depletion upward; long-term structural decline trend is moderating depletion; seasonal groundwater volatility is driving depletion upward. Recommended transition to Jowar could reduce water consumption by 72% per kilogram of output.",LSTM_Memory,0.0567058500909237,cumulative seasonal depletion memory
Thoothukudi,4.05,4.643111,4.6457,4.6309967,-0.13245454545452637,0.512035243226029,0.25408030572437035,56.4,67.3,594.7,402.9,801.1,612.2,Groundnut,16.7,1200,1000,Stable/recovering,0.1587849542192526,0.0096510764662212,0.1021281860925513,0.1107151695124969,0.6187206137094778,3,Monitor (3-5 year horizon),#f1c40f,32.0,Low,LOW,Proceed with standard Samba sowing calendar. Monitor NE monsoon progress weekly from October 1.,Bajra,LOW,Proceed with standard Kuruvai calendar. Monitor SW monsoon progress bi-weekly from May 1. Fallback option if deficit develops: Bajra.,Thoothukudi is classified as Tier 3 (Monitor (3-5 year horizon)). The predicted groundwater depth is 4.64m in 2026 and 4.63m by 2028. The water table is currently recovering at 0.13 metres per year. The district is 51% groundwater-dependent for irrigation. Primary SHAP analysis indicates: cumulative seasonal depletion memory is driving depletion upward; long-term structural decline trend is moderating depletion; seasonal groundwater volatility is driving depletion upward. Recommended transition to Groundnut could reduce water consumption by 17% per kilogram of output.,LSTM_Memory,0.0449662404009708,cumulative seasonal depletion memory
Tiruchirappalli,5.18,6.5523376,6.574865,6.541923,-0.18272727272724157,0.745566833802128,0.21912070441482207,270.2,276.3,202.6,379.4,641.2,774.9,Bajra,84.0,2500,400,Stable/recovering,0.5582931020374765,0.0578348743965305,0.2325177972342688,0.0003354880942639,0.1510187382374601,2,Plan Now (within 3 years),#e67e22,51.0,Medium,LOW,Proceed with standard Samba sowing calendar. Monitor NE monsoon progress weekly from October 1.,Jowar,LOW,Proceed with standard Kuruvai calendar. Monitor SW monsoon progress bi-weekly from May 1. Fallback option if deficit develops: Jowar.,Tiruchirappalli is classified as Tier 2 (Plan Now (within 3 years)). The predicted groundwater depth is 6.55m in 2026 and 6.54m by 2028. The water table is currently recovering at 0.18 metres per year. The district is 75% groundwater-dependent for irrigation. Primary SHAP analysis indicates: cumulative seasonal depletion memory is driving depletion upward; long-term structural decline trend is moderating depletion; seasonal groundwater volatility is driving depletion upward. Recommended transition to Bajra could reduce water consumption by 84% per kilogram of output.,LSTM_Memory,0.036002966287062,cumulative seasonal depletion memory
Tirunelveli,4.08,4.6832895,4.664403,4.629324,-0.1567272727272523,0.4650698958240584,0.18436470483483217,208.9,92.5,1329.6,514.9,1872.2,795.8,Jowar,72.0,2500,700,Slow depletion,0.9724578667571542,0.008652867322701,0.0044960977265015,0.0001413867209591,0.014251781472684,3,Monitor (3-5 year horizon),#f1c40f,45.4,Medium,LOW,Proceed with standard Samba sowing calendar. Monitor NE monsoon progress weekly from October 1.,Rice,LOW,Proceed with standard Kuruvai calendar. Monitor SW monsoon progress bi-weekly from May 1. Fallback option if deficit develops: Rice.,Tirunelveli is classified as Tier 3 (Monitor (3-5 year horizon)). The predicted groundwater depth is 4.68m in 2026 and 4.63m by 2028. The water table is currently recovering at 0.16 metres per year. The district is 47% groundwater-dependent for irrigation. Primary SHAP analysis indicates: cumulative seasonal depletion memory is moderating depletion; long-term structural decline trend is moderating depletion; seasonal groundwater volatility is driving depletion upward. Recommended transition to Jowar could reduce water consumption by 72% per kilogram of output.,LSTM_Memory,-0.0449887255535973,cumulative seasonal depletion memory
Tirupathur,4.06,4.873682,4.704611,4.759498,-2.9500000000004634,1.0,0.0,487.2,425.7,141.7,266.3,817.7,817.6,Bajra,60.0,1000,400,Stable/recovering,0.3452647278150634,0.4684137637157771,0.0971201306771776,0.0502467952132381,0.0389545825787436,3,Monitor (3-5 year horizon),#f1c40f,46.0,Medium,LOW,Proceed with standard Samba sowing calendar. Monitor NE monsoon progress weekly from October 1.,Bajra,LOW,Proceed with standard Kuruvai calendar. Monitor SW monsoon progress bi-weekly from May 1. Fallback option if deficit develops: Bajra.,Tirupathur is classified as Tier 3 (Monitor (3-5 year horizon)). The predicted groundwater depth is 4.87m in 2026 and 4.76m by 2028. The water table is currently recovering at 2.95 metres per year. The district is 100% groundwater-dependent for irrigation. Primary SHAP analysis indicates: long-term structural decline trend is moderating depletion; seasonal groundwater volatility is driving depletion upward; cumulative seasonal depletion memory is driving depletion upward. Recommended transition to Bajra could reduce water consumption by 60% per kilogram of output.,ARIMA_Fitted,-0.027476954038128,long-term structural decline trend
Tiruppur,7.13,9.327815,9.293948,9.227469,-0.2327727272726841,0.7661290322580645,0.22502187754609373,73.6,155.9,329.8,305.7,603.7,599.5,Bajra,42.9,700,400,Stable/recovering,0.1436899104873466,0.1097635097800862,0.4604514310973588,0.0015609459608796,0.2845342026743286,1,Act Now (within 1 year),#c0392b,45.0,Medium,LOW,Proceed with standard Samba sowing calendar. Monitor NE monsoon progress weekly from October 1.,Jowar,HIGH,SW monsoon 53% below normal with GW at 9.3m and 77% groundwater dependency. Mandatory switch to Jowar for Kuruvai season (short-duration variety). Restrict pump operation to 6 hours per day from June 1. Activate district drought relief fund and MNREGS water conservation works. Prioritise drinking water supply over irrigation from May 15.,Tiruppur is classified as Tier 1 (Act Now (within 1 year)). The predicted groundwater depth is 9.33m in 2026 and 9.23m by 2028. The water table is currently recovering at 0.23 metres per year. The district is 77% groundwater-dependent for irrigation. Primary SHAP analysis indicates: long-term structural decline trend is driving depletion upward; cumulative seasonal depletion memory is driving depletion upward; seasonal groundwater volatility is driving depletion upward. Recommended transition to Bajra could reduce water consumption by 43% per kilogram of output.,ARIMA_Fitted,0.0927298838274849,long-term structural decline trend
Tiruvannamalai,4.42,5.02325,4.9429536,4.90002,-0.0979090909090771,0.9436353857997026,0.0,628.0,450.5,276.5,450.4,1203.4,1019.7,Jowar,72.0,2500,700,Stable/recovering,0.7006756645813835,0.2793130059274584,9.03075382165082e-05,0.0091046418074643,0.0108163801454772,3,Monitor (3-5 year horizon),#f1c40f,45.5,Medium,LOW,Proceed with standard Samba sowing calendar. Monitor NE monsoon progress weekly from October 1.,Groundnut,LOW,Proceed with standard Kuruvai calendar. Monitor SW monsoon progress bi-weekly from May 1. Fallback option if deficit develops: Groundnut.,Tiruvannamalai is classified as Tier 3 (Monitor (3-5 year horizon)). The predicted groundwater depth is 5.02m in 2026 and 4.90m by 2028. The water table is currently broadly stable with minor year-on-year fluctuations. The district is 94% groundwater-dependent for irrigation. Primary SHAP analysis indicates: long-term structural decline trend is moderating depletion; cumulative seasonal depletion memory is moderating depletion; Bajra cultivation share is moderating depletion. Recommended transition to Jowar could reduce water consumption by 72% per kilogram of output.,ARIMA_Fitted,-0.0302271176829148,long-term structural decline trend
Vellore,4.4,5.5327992,5.5099974,5.4240313,-0.25981818181815197,0.9996809044080777,4.558508456033186e-05,573.6,431.3,286.7,375.8,1100.2,925.5,Bajra,60.0,1000,400,Stable/recovering,0.341594903031576,0.5412378351886858,0.0928726458027025,0.0085766295596163,0.0157179864174193,2,Plan Now (within 3 years),#e67e22,43.9,Low,LOW,Proceed with standard Samba sowing calendar. Monitor NE monsoon progress weekly from October 1.,Jowar,LOW,Proceed with standard Kuruvai calendar. Monitor SW monsoon progress bi-weekly from May 1. Fallback option if deficit develops: Jowar.,Vellore is classified as Tier 2 (Plan Now (within 3 years)). The predicted groundwater depth is 5.53m in 2026 and 5.42m by 2028. The water table is currently recovering at 0.26 metres per year. The district is 100% groundwater-dependent for irrigation. Primary SHAP analysis indicates: cumulative seasonal depletion memory is driving depletion upward; long-term structural decline trend is moderating depletion; seasonal groundwater volatility is driving depletion upward. Recommended transition to Bajra could reduce water consumption by 60% per kilogram of output.,LSTM_Memory,0.0284233656570433,cumulative seasonal depletion memory
Villupuram,4.28,4.8495097,4.8212,4.855078,-0.09563636363634902,0.848919242304166,0.006759591627429957,556.1,395.0,353.5,531.3,1177.2,1012.6,Groundnut,60.0,2500,1000,Stable/recovering,0.7250385218903292,0.2042367011125404,7.775060433424278e-05,0.0662152419457442,0.0044317844470518,3,Monitor (3-5 year horizon),#f1c40f,57.7,Medium,LOW,Proceed with standard Samba sowing calendar. Monitor NE monsoon progress weekly from October 1.,Bajra,LOW,Proceed with standard Kuruvai calendar. Monitor SW monsoon progress bi-weekly from May 1. Fallback option if deficit develops: Bajra.,Villupuram is classified as Tier 3 (Monitor (3-5 year horizon)). The predicted groundwater depth is 4.85m in 2026 and 4.86m by 2028. The water table is currently broadly stable with minor year-on-year fluctuations. The district is 85% groundwater-dependent for irrigation. Primary SHAP analysis indicates: cumulative seasonal depletion memory is moderating depletion; long-term structural decline trend is moderating depletion; Groundnut cultivation share is moderating depletion. Recommended transition to Groundnut could reduce water consumption by 60% per kilogram of output.,LSTM_Memory,-0.0280495065823597,cumulative seasonal depletion memory
Virudhunagar,6.0,7.9440913,7.9659753,7.9598813,-0.06209090909088769,0.5491770090661033,0.0,240.2,196.4,660.0,398.5,1242.7,773.9,Bajra,66.7,1200,400,Stable/recovering,0.3491824334337796,0.0460406066294521,0.1520772612755026,0.0179197747369461,0.4347799239243195,2,Plan Now (within 3 years),#e67e22,50.2,Medium,LOW,Proceed with standard Samba sowing calendar. Monitor NE monsoon progress weekly from October 1.,Jowar,LOW,Proceed with standard Kuruvai calendar. Monitor SW monsoon progress bi-weekly from May 1. Fallback option if deficit develops: Jowar.,Virudhunagar is classified as Tier 2 (Plan Now (within 3 years)). The predicted groundwater depth is 7.94m in 2026 and 7.96m by 2028. The water table is currently broadly stable with minor year-on-year fluctuations. The district is 55% groundwater-dependent for irrigation. Primary SHAP analysis indicates: cumulative seasonal depletion memory is driving depletion upward; long-term structural decline trend is driving depletion upward; seasonal groundwater volatility is driving depletion upward. Recommended transition to Bajra could reduce water consumption by 67% per kilogram of output.,LSTM_Memory,0.1845986058335482,cumulative seasonal depletion memory
